,date,home_team,away_team,winner
0,1967-08-22,India,Taiwan,Taiwan
1,1971-11-14,South Korea,Vietnam Republic,South Korea
2,1972-05-07,South Korea,Iraq,Iraq
3,1972-05-17,Thailand,South Korea,South Korea
4,1972-05-19,Thailand,Cambodia,Thailand
5,1973-04-21,Senegal,Ghana,Ghana
6,1973-06-14,Guinea,Mali,Guinea
7,1973-06-14,Mauritius,Tanzania,Mauritius
8,1973-07-26,Malaysia,Kuwait,Malaysia
9,1973-07-26,Cambodia,Singapore,Singapore
10,1973-07-27,Bangladesh,Thailand,Thailand
11,1973-07-28,Myanmar,South Korea,Myanmar
12,1973-08-09,India,Vietnam Republic,Vietnam Republic
13,1973-08-23,Algeria,Syria,Syria
14,1973-08-25,Algeria,Iraq,Algeria
15,1974-03-28,Qatar,United Arab Emirates,Qatar
16,1974-07-24,Hong Kong,Indonesia,Indonesia
17,1974-08-01,India,Indonesia,Indonesia
18,1974-10-09,Syria,Morocco,Morocco
19,1974-11-22,Libya,Tunisia,Tunisia
20,1974-12-18,South Korea,Malaysia,South Korea
21,1975-07-13,Morocco,Ghana,Morocco
22,1975-11-09,Kenya,Malawi,Kenya
23,1975-12-23,Libya,Syria,Syria
24,1976-06-20,Czechoslovakia,Germany,Czechoslovakia
25,1976-12-22,South Korea,Malaysia,Malaysia
26,1977-01-09,Tunisia,Morocco,Tunisia
27,1977-03-22,Argentina,Iran,Argentina
28,1977-06-26,Zambia,Algeria,Zambia
29,1977-07-27,Iran,Morocco,Iran
30,1977-08-31,Paraguay,Argentina,Paraguay
31,1979-01-13,Guinea-Bissau,Mali,Mali
32,1979-01-14,Guinea-Bissau,Guinea,Guinea
33,1979-04-29,Cameroon,Guinea,Guinea
34,1979-05-22,Argentina,Netherlands,Argentina
35,1980-02-16,Gambia,Mauritania,Gambia
36,1980-03-19,Algeria,Egypt,Algeria
37,1980-06-21,Italy,Czechoslovakia,Czechoslovakia
38,1980-07-12,Nigeria,Tunisia,Nigeria
39,1980-11-30,Zambia,Morocco,Morocco
40,1980-12-31,Hong Kong,China PR,China PR
41,1981-02-13,Mali,Guinea,Guinea
42,1981-05-10,Rwanda,Ethiopia,Ethiopia
43,1982-02-21,Ivory Coast,Togo,Togo
44,1982-02-22,Ivory Coast,Burkina Faso,Burkina Faso
45,1982-03-19,Libya,Ghana,Ghana
46,1982-05-15,Thailand,Singapore,Thailand
47,1982-05-17,Thailand,South Korea,Thailand
48,1982-07-08,Germany,France,Germany
49,1982-10-17,Indonesia,Malaysia,Indonesia
50,1982-11-27,Uganda,Kenya,Kenya
51,1983-02-06,Senegal,Niger,Senegal
52,1983-02-20,Gambia,Sierra Leone,Gambia
53,1983-02-27,Mali,Guinea,Mali
54,1983-04-22,Egypt,Congo,Egypt
55,1983-04-24,Mauritius,Ethiopia,Ethiopia
56,1983-07-18,Hong Kong,Thailand,Thailand
57,1983-08-28,Morocco,Nigeria,Nigeria
58,1983-10-20,Brazil,Paraguay,Brazil
59,1983-12-15,Ivory Coast,Mali,Ivory Coast
60,1983-12-18,Mali,Nigeria,Mali
61,1984-02-16,Sierra Leone,Mali,Sierra Leone
62,1984-02-19,Sierra Leone,Senegal,Senegal
63,1984-03-14,Egypt,Nigeria,Nigeria
64,1984-03-14,Algeria,Cameroon,Cameroon
65,1984-03-28,Iraq,Qatar,Iraq
66,1984-06-24,Denmark,Spain,Spain
67,1984-07-15,Senegal,Angola,Angola
68,1984-11-23,Kenya,Somalia,Kenya
69,1984-11-28,Ghana,Togo,Ghana
70,1984-12-08,Kenya,Somalia,Kenya
71,1984-12-13,Saudi Arabia,Iran,Saudi Arabia
72,1984-12-15,Malawi,Zambia,Zambia
73,1984-12-16,Iran,Kuwait,Kuwait
74,1984-12-16,Chad,Equatorial Guinea,Chad
75,1984-12-19,Central African Republic,Gabon,Gabon
76,1984-12-20,Congo,Cameroon,Cameroon
77,1985-04-16,Mozambique,Malawi,Mozambique
78,1985-04-21,Madagascar,Egypt,Egypt
79,1985-07-10,Bahrain,Qatar,Bahrain
80,1985-07-12,Saudi Arabia,Qatar,Saudi Arabia
81,1985-08-25,Mali,Guinea,Guinea
82,1985-09-15,Mozambique,Libya,Mozambique
83,1985-10-11,Kenya,Uganda,Kenya
84,1986-03-21,Egypt,Cameroon,Egypt
85,1986-06-21,Brazil,France,France
86,1986-06-21,Mexico,Germany,Germany
87,1986-06-22,Spain,Belgium,Belgium
88,1986-10-19,Gabon,Angola,Angola
89,1986-12-17,Chad,Gabon,Chad
90,1987-03-01,Mali,Sierra Leone,Mali
91,1987-03-02,Senegal,Sierra Leone,Senegal
92,1987-06-19,Australia,Egypt,Australia
93,1987-06-21,South Korea,Australia,South Korea
94,1987-07-19,DR Congo,Senegal,DR Congo
95,1987-12-13,Malawi,Zimbabwe,Zimbabwe
96,1987-12-18,Equatorial Guinea,Gabon,Gabon
97,1987-12-27,Ethiopia,Zimbabwe,Ethiopia
98,1988-01-06,South Korea,Egypt,South Korea
99,1988-03-23,Algeria,Nigeria,Nigeria
100,1988-03-26,Morocco,Algeria,Algeria
101,1988-03-31,Germany,Sweden,Sweden
102,1988-05-05,Mali,Senegal,Mali
103,1988-05-08,Guinea,Mali,Guinea
104,1988-05-28,Canada,Greece,Canada
105,1988-07-19,Egypt,Syria,Syria
106,1988-07-21,Iraq,Syria,Iraq
107,1988-09-29,Chile,Ecuador,Ecuador
108,1988-10-16,Eswatini,Tanzania,Eswatini
109,1988-12-06,Central African Republic,Gabon,Gabon
110,1988-12-17,China PR,Iran,Iran
111,1988-12-18,South Korea,Saudi Arabia,Saudi Arabia
112,1989-04-23,Ghana,Gabon,Gabon
113,1989-04-23,Kenya,Sudan,Kenya
114,1989-11-08,Iran,Uganda,Uganda
115,1989-11-12,Iraq,Uganda,Iraq
116,1989-12-11,Chad,Cameroon,Cameroon
117,1989-12-16,Malawi,Uganda,Uganda
118,1990-01-28,Nigeria,Senegal,Nigeria
119,1990-02-04,United States,Colombia,Colombia
120,1990-02-20,Colombia,Russia,Colombia
121,1990-05-18,Zimbabwe,Eswatini,Zimbabwe
122,1990-06-25,Republic of Ireland,Romania,Republic of Ireland
123,1990-06-30,Yugoslavia,Argentina,Argentina
124,1990-07-03,Italy,Argentina,Argentina
125,1990-07-04,Germany,England,Germany
126,1990-08-03,China PR,South Korea,South Korea
127,1990-12-17,Tanzania,Uganda,Uganda
128,1990-12-17,Central African Republic,Equatorial Guinea,Central African Republic
129,1991-01-21,Cameroon,Algeria,Cameroon
130,1991-01-21,Senegal,Ivory Coast,Ivory Coast
131,1991-01-22,Senegal,Algeria,Senegal
132,1991-01-23,Ivory Coast,Cameroon,Ivory Coast
133,1991-06-14,South Korea,Australia,South Korea
134,1991-06-16,Italy,Russia,Italy
135,1991-07-07,United States,Honduras,United States
136,1991-08-08,Czechoslovakia,Yugoslavia,Czechoslovakia
137,1991-09-20,Fiji,Solomon Islands,Fiji
138,1991-09-28,Egypt,Mali,Egypt
139,1992-01-23,Cameroon,Ivory Coast,Ivory Coast
140,1992-01-26,Ghana,Ivory Coast,Ivory Coast
141,1992-06-22,Netherlands,Denmark,Denmark
142,1992-06-27,Cuba,Martinique,Martinique
143,1992-08-29,Japan,South Korea,Japan
144,1992-09-15,Syria,Egypt,Egypt
145,1992-11-08,China PR,United Arab Emirates,China PR
146,1992-11-25,Uganda,Zambia,Uganda
147,1993-01-23,Japan,Switzerland,Switzerland
148,1993-02-20,Finland,Estonia,Finland
149,1993-02-24,Argentina,Denmark,Argentina
150,1993-05-27,Bolivia,Paraguay,Bolivia
151,1993-05-28,Martinique,Saint Kitts and Nevis,Martinique
152,1993-05-30,Jamaica,Martinique,Martinique
153,1993-06-26,Colombia,Uruguay,Colombia
154,1993-06-27,Brazil,Argentina,Argentina
155,1993-07-01,Colombia,Argentina,Argentina
156,1993-08-15,Australia,Canada,Australia
157,1993-10-24,Burundi,Guinea,Guinea
158,1994-01-29,Burkina Faso,Guinea,Burkina Faso
159,1994-04-06,Nigeria,Ivory Coast,Nigeria
160,1994-07-05,Mexico,Bulgaria,Bulgaria
161,1994-07-10,Romania,Sweden,Sweden
162,1994-07-17,Brazil,Italy,Brazil
163,1994-12-08,Tanzania,Uganda,Tanzania
164,1995-01-10,Denmark,Mexico,Denmark
165,1995-01-13,Mexico,Nigeria,Mexico
166,1995-02-26,Japan,South Korea,Japan
167,1995-03-31,India,Bangladesh,India
168,1995-05-21,Antigua and Barbuda,Saint Kitts and Nevis,Antigua and Barbuda
169,1995-06-09,Paraguay,Bolivia,Paraguay
170,1995-07-16,Paraguay,Colombia,Colombia
171,1995-07-17,United States,Mexico,United States
172,1995-07-17,Brazil,Argentina,Brazil
173,1995-07-23,Uruguay,Brazil,Uruguay
174,1995-08-24,Fiji,Solomon Islands,Solomon Islands
175,1995-11-28,Mauritania,Sierra Leone,Sierra Leone
176,1995-12-02,Gabon,Cameroon,Cameroon
177,1995-12-02,Algeria,Ivory Coast,Ivory Coast
178,1995-12-06,Ethiopia,Zanzibar,Zanzibar
179,1995-12-07,Honduras,Costa Rica,Honduras
180,1996-01-28,Gabon,Tunisia,Tunisia
181,1996-02-22,Japan,Sweden,Sweden
182,1996-04-28,Barbados,Jamaica,Jamaica
183,1996-05-05,Guyana,Suriname,Suriname
184,1996-06-05,Martinique,Suriname,Martinique
185,1996-06-22,England,Spain,England
186,1996-06-22,France,Netherlands,France
187,1996-06-26,France,Czech Republic,Czech Republic
188,1996-06-26,England,Germany,Germany
189,1996-08-25,Ethiopia,Uganda,Ethiopia
190,1996-11-29,Sudan,Kenya,Sudan
191,1996-12-11,Morocco,Croatia,Croatia
192,1996-12-12,Croatia,Czech Republic,Croatia
193,1996-12-19,Iran,Saudi Arabia,Saudi Arabia
194,1996-12-21,Iran,Kuwait,Iran
195,1996-12-21,United Arab Emirates,Saudi Arabia,Saudi Arabia
196,1996-12-27,Benin,Burkina Faso,Benin
197,1997-02-07,Russia,Serbia,Russia
198,1997-04-10,India,Iraq,Iraq
199,1997-06-22,Ecuador,Mexico,Mexico
200,1997-07-10,Trinidad and Tobago,Jamaica,Trinidad and Tobago
201,1997-10-20,Haiti,Cuba,Haiti
202,1997-10-22,Cuba,Cameroon,Cuba
203,1997-12-07,Gambia,Guinea,Guinea
204,1998-01-31,Egypt,South Korea,South Korea
205,1998-01-31,Iran,Chile,Iran
206,1998-02-21,Burkina Faso,Tunisia,Burkina Faso
207,1998-02-21,Ivory Coast,Egypt,Egypt
208,1998-02-27,Burkina Faso,DR Congo,DR Congo
209,1998-04-22,Hungary,North Macedonia,Hungary
210,1998-05-29,Belgium,England,Belgium
211,1998-05-29,Morocco,France,Morocco
212,1998-06-30,Argentina,England,Argentina
213,1998-07-03,France,Italy,France
214,1998-07-07,Brazil,Netherlands,Brazil
215,1998-09-05,Indonesia,Thailand,Indonesia
216,1998-11-17,Guatemala,Honduras,Guatemala
217,1998-11-18,Guatemala,Mexico,Guatemala
218,1998-12-02,United Arab Emirates,North Korea,United Arab Emirates
219,1999-05-22,Malawi,Namibia,Namibia
220,1999-06-16,Thailand,New Zealand,Thailand
221,1999-06-19,New Zealand,Poland,Poland
222,1999-07-10,Mexico,Peru,Mexico
223,1999-07-10,Paraguay,Uruguay,Uruguay
224,1999-07-13,Uruguay,Chile,Uruguay
225,1999-07-18,Eswatini,Zimbabwe,Eswatini
226,1999-07-31,Namibia,South Africa,Namibia
227,1999-08-03,Rwanda,Kenya,Kenya
228,1999-08-07,Rwanda,Burundi,Rwanda
229,1999-08-07,Zambia,Mozambique,Zambia
230,1999-08-28,Namibia,Eswatini,Namibia
231,1999-11-26,Gabon,Togo,Togo
232,2000-02-04,Romania,Georgia,Romania
233,2000-02-12,South Africa,Tunisia,South Africa
234,2000-02-13,Nigeria,Cameroon,Cameroon
235,2000-02-19,United States,Colombia,Colombia
236,2000-03-19,Suriname,Saint Lucia,Suriname
237,2000-04-29,British Virgin Islands,Sint Maarten,British Virgin Islands
238,2000-04-30,British Virgin Islands,Antigua and Barbuda,Antigua and Barbuda
239,2000-05-10,Maldives,Sri Lanka,Sri Lanka
240,2000-05-11,Senegal,Mali,Senegal
241,2000-05-20,Malawi,Angola,Angola
242,2000-05-21,Barbados,Cuba,Barbados
243,2000-06-04,France,Japan,France
244,2000-06-07,Iran,Egypt,Egypt
245,2000-06-11,Lesotho,Zambia,Lesotho
246,2000-06-29,Netherlands,Italy,Italy
247,2000-07-14,Libya,Chad,Libya
248,2000-07-16,Mozambique,Lesotho,Lesotho
249,2000-09-03,Togo,Sierra Leone,Togo
250,2000-10-04,United Arab Emirates,South Korea,United Arab Emirates
251,2000-10-28,Kenya,Uganda,Uganda
252,2000-12-02,Ethiopia,Rwanda,Ethiopia
253,2001-01-17,China PR,Egypt,Egypt
254,2001-01-27,South Korea,Paraguay,South Korea
255,2001-02-11,Eswatini,Zambia,Eswatini
256,2001-07-12,Ynys Môn,Jersey,Ynys Môn
257,2001-07-13,Guernsey,Ynys Môn,Guernsey
258,2001-07-29,Uruguay,Honduras,Honduras
259,2001-08-03,China PR,North Korea,North Korea
260,2001-08-03,Kuwait,Trinidad and Tobago,Kuwait
261,2001-08-05,Kuwait,North Korea,North Korea
262,2001-08-18,Zambia,Angola,Angola
263,2001-10-24,Kenya,Uganda,Kenya
264,2001-10-24,Tanzania,DR Congo,Tanzania
265,2001-12-18,Ethiopia,Burundi,Ethiopia
266,2002-01-06,Martinique,Haiti,Martinique
267,2002-01-26,Canada,Martinique,Canada
268,2002-01-27,Mexico,South Korea,South Korea
269,2002-01-30,United States,Canada,United States
270,2002-02-10,Senegal,Cameroon,Cameroon
271,2002-02-12,Cyprus,Switzerland,Cyprus
272,2002-02-15,China PR,Slovenia,Slovenia
273,2002-02-16,Thailand,North Korea,North Korea
274,2002-03-30,Botswana,South Africa,South Africa
275,2002-05-17,Russia,Belarus,Belarus
276,2002-05-19,Russia,Serbia,Serbia
277,2002-06-16,Spain,Republic of Ireland,Spain
278,2002-06-22,South Korea,Spain,South Korea
279,2002-07-21,South Africa,Madagascar,South Africa
280,2002-09-05,Iraq,Iran,Iraq
281,2002-09-07,Syria,Iran,Iran
282,2002-09-17,Iran,Morocco,Iran
283,2002-09-19,Iran,Paraguay,Iran
284,2002-10-23,Kenya,South Africa,Kenya
285,2002-10-26,Tanzania,South Africa,South Africa
286,2002-10-26,Kenya,Uganda,Kenya
287,2002-11-19,South Africa,Senegal,Senegal
288,2002-12-27,Niger,Burkina Faso,Burkina Faso
289,2002-12-29,Niger,Mali,Niger
290,2003-01-20,Bangladesh,Maldives,Bangladesh
291,2003-02-04,Uruguay,Iran,Uruguay
292,2003-03-07,Benin,Niger,Benin
293,2003-03-15,Guadeloupe,French Guiana,Guadeloupe
294,2003-03-22,Mozambique,Lesotho,Mozambique
295,2003-03-27,Tunisia,Ghana,Tunisia
296,2003-03-30,Ghana,Madagascar,Ghana
297,2003-05-24,Botswana,Malawi,Malawi
298,2003-07-09,New Caledonia,Vanuatu,New Caledonia
299,2003-08-16,Malawi,Zambia,Malawi
300,2003-09-24,Algeria,Gabon,Algeria
301,2003-09-26,Algeria,Burkina Faso,Algeria
302,2003-12-08,Kenya,Rwanda,Rwanda
303,2003-12-08,Sudan,Uganda,Uganda
304,2004-02-11,Tunisia,Nigeria,Tunisia
305,2004-02-19,Kazakhstan,Armenia,Kazakhstan
306,2004-02-28,Lesotho,Botswana,Botswana
307,2004-06-23,Jordan,Syria,Syria
308,2004-06-24,Portugal,England,Portugal
309,2004-06-26,Sweden,Netherlands,Netherlands
310,2004-07-18,Angola,Botswana,Angola
311,2004-07-21,Uruguay,Brazil,Brazil
312,2004-07-25,Argentina,Brazil,Brazil
313,2004-07-30,Uzbekistan,Bahrain,Bahrain
314,2004-07-31,Japan,Jordan,Japan
315,2004-08-03,China PR,Iran,China PR
316,2004-10-22,Nigeria,Ecuador,Ecuador
317,2004-10-24,Zimbabwe,Zambia,Zambia
318,2004-11-20,Zambia,Angola,Angola
319,2004-11-30,Thailand,Estonia,Thailand
320,2004-11-30,Singapore,Hong Kong,Hong Kong
321,2004-12-02,Thailand,Slovakia,Slovakia
322,2004-12-03,Bahrain,Latvia,Bahrain
323,2004-12-03,Finland,Oman,Oman
324,2004-12-22,Ethiopia,Kenya,Ethiopia
325,2004-12-24,Qatar,Oman,Qatar
326,2005-02-08,Cyprus,Austria,Cyprus
327,2005-02-09,Austria,Latvia,Latvia
328,2005-02-27,Costa Rica,Honduras,Costa Rica
329,2005-04-16,Namibia,Botswana,Botswana
330,2005-06-26,Mexico,Argentina,Argentina
331,2005-07-21,Colombia,Panama,Panama
332,2005-07-24,United States,Panama,United States
333,2005-07-28,Kuwait,United Arab Emirates,United Arab Emirates
334,2005-07-30,Egypt,United Arab Emirates,Egypt
335,2005-08-13,South Africa,Zambia,Zambia
336,2005-08-15,Ukraine,Israel,Israel
337,2005-11-16,Australia,Uruguay,Australia
338,2005-12-10,Syria,Iraq,Iraq
339,2005-12-10,Zanzibar,Uganda,Zanzibar
340,2006-02-04,Nigeria,Tunisia,Nigeria
341,2006-02-04,Cameroon,Ivory Coast,Ivory Coast
342,2006-02-10,Egypt,Ivory Coast,Egypt
343,2006-02-28,Finland,Kazakhstan,Kazakhstan
344,2006-03-01,Finland,Belarus,Finland
345,2006-04-29,Lesotho,Mozambique,Lesotho
346,2006-04-30,Mauritius,Mozambique,Mozambique
347,2006-05-21,Botswana,South Africa,Botswana
348,2006-06-03,Northern Cyprus,Zanzibar,Northern Cyprus
349,2006-06-26,Switzerland,Ukraine,Ukraine
350,2006-06-30,Germany,Argentina,Germany
351,2006-07-01,England,Portugal,Portugal
352,2006-07-09,Italy,France,Italy
353,2006-07-22,Namibia,Seychelles,Seychelles
354,2007-04-29,Mozambique,Zimbabwe,Mozambique
355,2007-05-26,Malawi,South Africa,South Africa
356,2007-05-26,Eswatini,Mauritius,Mauritius
357,2007-07-10,Uruguay,Brazil,Brazil
358,2007-07-21,Japan,Australia,Japan
359,2007-07-22,Iran,South Korea,South Korea
360,2007-07-25,Iraq,South Korea,Iraq
361,2007-07-28,South Korea,Japan,South Korea
362,2007-07-29,Botswana,Angola,Botswana
363,2007-10-24,South Africa,Zambia,South Africa
364,2008-06-20,Croatia,Turkey,Turkey
365,2008-06-22,Spain,Italy,Spain
366,2008-07-27,Zambia,Zimbabwe,Zambia
367,2009-06-26,Provence,Sápmi,Sápmi
368,2009-07-23,Costa Rica,Mexico,Mexico
369,2009-10-28,Zimbabwe,South Africa,Zimbabwe
370,2010-01-25,Zambia,Nigeria,Nigeria
371,2010-06-29,Paraguay,Japan,Paraguay
372,2010-07-02,Uruguay,Ghana,Uruguay
373,2011-01-25,Japan,South Korea,Japan
374,2011-02-08,Romania,Ukraine,Ukraine
375,2011-02-09,Sweden,Ukraine,Ukraine
376,2011-06-08,Uruguay,Netherlands,Uruguay
377,2011-06-18,Costa Rica,Honduras,Honduras
378,2011-06-19,Panama,El Salvador,Panama
379,2011-06-29,Saare County,Åland Islands,Åland Islands
380,2011-06-30,Isle of Man,Menorca,Menorca
381,2011-07-12,Saint Lucia,Aruba,Saint Lucia
382,2011-07-16,Argentina,Uruguay,Uruguay
383,2011-07-17,Brazil,Paraguay,Paraguay
384,2011-07-20,Paraguay,Venezuela,Paraguay
385,2012-02-05,Gabon,Mali,Mali
386,2012-02-12,Zambia,Ivory Coast,Zambia
387,2012-06-03,Finland,Latvia,Latvia
388,2012-06-24,England,Italy,Italy
389,2012-06-27,Portugal,Spain,Spain
390,2012-11-21,Argentina,Brazil,Brazil
391,2013-01-23,Sweden,North Korea,Sweden
392,2013-02-02,South Africa,Mali,Mali
393,2013-02-06,Burkina Faso,Ghana,Burkina Faso
394,2013-06-27,Spain,Italy,Spain
395,2013-06-30,Uruguay,Italy,Italy
396,2013-07-13,Zimbabwe,Malawi,Zimbabwe
397,2013-07-14,Angola,Lesotho,Lesotho
398,2013-07-17,Zambia,South Africa,Zambia
399,2014-05-29,Latvia,Estonia,Latvia
400,2014-06-04,Abkhazia,South Ossetia,South Ossetia
401,2014-06-04,Ellan Vannin,Iraqi Kurdistan,Ellan Vannin
402,2014-06-05,Padania,Abkhazia,Padania
403,2014-06-05,Occitania,Iraqi Kurdistan,Iraqi Kurdistan
404,2014-06-07,Padania,Iraqi Kurdistan,Padania
405,2014-06-08,County of Nice,Ellan Vannin,County of Nice
406,2014-06-28,Brazil,Chile,Brazil
407,2014-06-29,Costa Rica,Greece,Costa Rica
408,2014-07-05,Netherlands,Costa Rica,Netherlands
409,2014-07-09,Netherlands,Argentina,Argentina
410,2015-01-23,Iran,Iraq,Iraq
411,2015-01-23,Japan,United Arab Emirates,United Arab Emirates
412,2015-01-30,Curaçao,Aruba,Aruba
413,2015-02-07,Equatorial Guinea,DR Congo,DR Congo
414,2015-02-08,Ivory Coast,Ghana,Ivory Coast
415,2015-05-24,Zambia,Namibia,Namibia
416,2015-05-24,South Africa,Botswana,Botswana
417,2015-05-25,Mozambique,Malawi,Mozambique
418,2015-05-27,South Africa,Malawi,Malawi
419,2015-06-21,Ellan Vannin,Felvidék,Ellan Vannin
420,2015-06-26,Argentina,Colombia,Argentina
421,2015-06-27,Brazil,Paraguay,Paraguay
422,2015-07-02,Gibraltar,Åland Islands,Åland Islands
423,2015-07-04,Chile,Argentina,Chile
424,2015-07-04,Zambia,Namibia,Zambia
425,2015-07-19,Trinidad and Tobago,Panama,Panama
426,2015-07-25,United States,Panama,Panama
427,2015-10-13,El Salvador,Guatemala,Guatemala
428,2016-02-03,DR Congo,Guinea,DR Congo
429,2016-05-27,Corsica,Basque Country,Basque Country
430,2016-06-01,United Koreans in Japan,Northern Cyprus,Northern Cyprus
431,2016-06-02,Iraqi Kurdistan,Padania,Padania
432,2016-06-03,Bosnia and Herzegovina,Denmark,Bosnia and Herzegovina
433,2016-06-03,Thailand,Syria,Thailand
434,2016-06-03,Vietnam,Hong Kong,Vietnam
435,2016-06-03,Iraqi Kurdistan,Western Armenia,Western Armenia
436,2016-06-03,Chagos Islands,Raetia,Raetia
437,2016-06-04,United Koreans in Japan,Iraqi Kurdistan,United Koreans in Japan
438,2016-06-05,Abkhazia,Panjab,Abkhazia
439,2016-06-11,Papua New Guinea,New Zealand,New Zealand
440,2016-06-17,Peru,Colombia,Colombia
441,2016-06-18,Namibia,Botswana,Botswana
442,2016-06-18,South Africa,Lesotho,South Africa
443,2016-06-19,Zambia,Eswatini,Eswatini
444,2016-06-22,Botswana,DR Congo,Botswana
445,2016-06-25,Switzerland,Poland,Poland
446,2016-06-26,Argentina,Chile,Chile
447,2016-06-30,Poland,Portugal,Portugal
448,2016-07-02,Germany,Italy,Germany
449,2017-01-11,Chile,Croatia,Chile
450,2017-01-14,China PR,Croatia,China PR
451,2017-02-01,Burkina Faso,Egypt,Egypt
452,2017-06-09,Kárpátalja,Ellan Vannin,Kárpátalja
453,2017-06-09,Padania,Abkhazia,Padania
454,2017-06-10,Northern Cyprus,Padania,Padania
455,2017-06-28,Portugal,Chile,Chile
456,2017-06-29,Hitra,Western Isles,Western Isles
457,2017-06-29,Greenland,Menorca,Greenland
458,2017-07-01,Namibia,Lesotho,Lesotho
459,2017-07-07,Tanzania,Lesotho,Tanzania
460,2017-07-16,Thailand,Belarus,Thailand
461,2018-03-21,South Africa,Angola,South Africa
462,2018-03-21,Zambia,Zimbabwe,Zambia
463,2018-03-22,Thailand,Gabon,Thailand
464,2018-03-24,Angola,Zimbabwe,Angola
465,2018-06-02,Zambia,Namibia,Zambia
466,2018-06-03,Andorra,Cape Verde,Cape Verde
467,2018-06-03,South Africa,Madagascar,Madagascar
468,2018-06-03,Zimbabwe,Botswana,Zimbabwe
469,2018-06-05,Matabeleland,Kabylia,Kabylia
470,2018-06-06,Lesotho,Zimbabwe,Zimbabwe
471,2018-06-09,Tibet,United Koreans in Japan,United Koreans in Japan
472,2018-06-09,Panjab,Cascadia,Panjab
473,2018-06-09,Padania,Székely Land,Padania
474,2018-06-09,Northern Cyprus,Kárpátalja,Kárpátalja
475,2018-07-01,Russia,Spain,Russia
476,2018-07-01,Croatia,Denmark,Croatia
477,2018-07-03,Colombia,England,England
478,2018-07-07,Russia,Croatia,Croatia
479,2019-01-20,Jordan,Vietnam,Vietnam
480,2019-01-21,Australia,Uzbekistan,Australia
481,2019-03-23,Oman,Singapore,Oman
482,2019-06-01,Lesotho,Uganda,Lesotho
483,2019-06-02,South Africa,Botswana,Botswana
484,2019-06-02,Zambia,Malawi,Zambia
485,2019-06-04,South Africa,Uganda,South Africa
486,2019-06-05,Zimbabwe,Zambia,Zambia
487,2019-06-06,Abkhazia,Western Armenia,Western Armenia
488,2019-06-06,South Ossetia,Chameria,South Ossetia
489,2019-06-07,Lesotho,Zimbabwe,Zimbabwe
490,2019-06-07,South Africa,Malawi,South Africa
491,2019-06-08,Abkhazia,Chameria,Abkhazia
492,2019-06-09,Switzerland,England,England
493,2019-06-27,Brazil,Paraguay,Brazil
494,2019-06-28,Colombia,Chile,Chile
495,2019-06-29,Mexico,Costa Rica,Mexico
496,2019-06-29,Uruguay,Peru,Peru
497,2019-07-05,Morocco,Benin,Benin
498,2019-07-07,Madagascar,DR Congo,Madagascar
499,2019-07-08,Ghana,Tunisia,Tunisia
500,2019-07-11,Ivory Coast,Algeria,Algeria
501,2019-09-08,Tanzania,Burundi,Tanzania
502,2019-10-13,Chad,Liberia,Chad
503,2019-10-13,Gambia,Djibouti,Gambia
504,2020-10-08,Bosnia and Herzegovina,Northern Ireland,Northern Ireland
505,2020-10-08,Slovakia,Republic of Ireland,Slovakia
506,2020-10-08,Scotland,Israel,Scotland
507,2020-11-12,Serbia,Scotland,Scotland
508,2021-06-03,Mexico,Costa Rica,Mexico
509,2021-06-06,Honduras,Costa Rica,Honduras
510,2021-06-28,France,Switzerland,Switzerland
511,2021-07-02,Peru,Paraguay,Peru
512,2021-07-02,Switzerland,Spain,Spain
513,2021-07-03,Uruguay,Colombia,Colombia
514,2021-07-06,Italy,Spain,Italy
515,2021-07-06,Trinidad and Tobago,French Guiana,Trinidad and Tobago
516,2021-07-06,Argentina,Colombia,Argentina
517,2021-07-06,Guatemala,Guadeloupe,Guadeloupe
518,2021-07-11,England,Italy,Italy
519,2021-07-16,Senegal,Eswatini,Senegal
520,2021-07-18,Eswatini,Mozambique,Eswatini
521,2021-07-18,South Africa,Senegal,South Africa
522,2021-11-19,Sri Lanka,Seychelles,Seychelles
523,2021-12-11,Morocco,Algeria,Algeria
524,2021-12-18,Qatar,Egypt,Qatar
525,2022-01-23,Burkina Faso,Gabon,Burkina Faso
526,2022-01-26,Ivory Coast,Egypt,Egypt
527,2022-01-26,Mali,Equatorial Guinea,Equatorial Guinea
528,2022-02-03,Cameroon,Egypt,Egypt
529,2022-02-05,Cameroon,Burkina Faso,Cameroon
530,2022-02-06,Senegal,Egypt,Senegal
531,2022-03-25,Tajikistan,Uganda,Uganda
532,2022-03-29,Kazakhstan,Moldova,Kazakhstan
533,2022-03-29,Senegal,Egypt,Senegal
534,2022-06-13,Australia,Peru,Australia
535,2022-06-14,Chile,Ghana,Ghana
536,2022-09-22,Thailand,Malaysia,Malaysia
537,2022-09-23,Iraq,Oman,Oman
538,2022-09-25,Malaysia,Tajikistan,Tajikistan
539,2022-11-16,Lithuania,Iceland,Iceland
540,2022-11-16,Latvia,Estonia,Latvia
541,2022-11-19,Latvia,Iceland,Iceland
542,2022-12-05,Japan,Croatia,Croatia
543,2022-12-06,Morocco,Spain,Morocco
544,2022-12-09,Croatia,Brazil,Croatia
545,2022-12-09,Netherlands,Argentina,Argentina
546,2022-12-18,Argentina,France,Argentina
